kod_hlavneho_vykonu;nazov_vykonu;skupina_diagnoz;kod_ms;nazov_ms
93020;Predpôrodná starostlivosť pri dekompenzovanom diabete a DM s komplikáciami;Diabetes mellitus v gravidite;S11-05;Predpôrodná starostlivosť pri dekompenzovanom diabete a DM s komplikáciami
643161;Podanie lieku surfaktant, endotracheálne: od 120 mg do menej ako 240 mg;Syndróm respiračnej tiesne [ARDS];S50-11;Podanie surfaktantu pri PARDS 
643162;Podanie lieku surfaktant, endotracheálne: od 240 mg do menej ako 360 mg;Syndróm respiračnej tiesne [ARDS];S50-11;Podanie surfaktantu pri PARDS 
643163;Podanie lieku surfaktant, endotracheálne: od 360 mg do menej ako 480 mg;Syndróm respiračnej tiesne [ARDS];S50-11;Podanie surfaktantu pri PARDS 
643164;Podanie lieku surfaktant, endotracheálne: 480 mg a viac;Syndróm respiračnej tiesne [ARDS];S50-11;Podanie surfaktantu pri PARDS 
5t06f0;Osteosyntéza vnútorným predlžovacím alebo posuvným systémom, nemotorizovaná;Trauma a poúrazové stavy;S52-04;Osteosyntéza pre poúrazové stavy a komplikácie iná
5t06f1;Osteosyntéza vnútorným predlžovacím alebo posuvným systémom, motorizovaná;Trauma a poúrazové stavy;S52-04;Osteosyntéza pre poúrazové stavy a komplikácie iná
5t900;Replantácia v oblasti nad lakťom;Trauma a poúrazové stavy;S52-06;Replantácie
5t901;Replantácia v oblasti lakťa;Trauma a poúrazové stavy;S52-06;Replantácie
5t902;Replantácia v oblasti predlaktia;Trauma a poúrazové stavy;S52-06;Replantácie
5t903;Replantácia v oblasti zápästia;Trauma a poúrazové stavy;S52-06;Replantácie
5t904;Replantácia v oblasti strednej časti ruky;Trauma a poúrazové stavy;S52-06;Replantácie
5t905;Replantácia palca ruky;Trauma a poúrazové stavy;S52-06;Replantácie
5t906;Replantácia v oblasti prstov ruky;Trauma a poúrazové stavy;S52-06;Replantácie
5t90x;Replantácia v oblasti hornej končatiny, ostatné;Trauma a poúrazové stavy;S52-06;Replantácie
5t910;Replantácia v oblasti stehna;Trauma a poúrazové stavy;S52-06;Replantácie
5t911;Replantácia v oblasti kolena;Trauma a poúrazové stavy;S52-06;Replantácie
5t912;Replantácia v oblasti predkolenia;Trauma a poúrazové stavy;S52-06;Replantácie
5t913;Replantácia v oblasti členka;Trauma a poúrazové stavy;S52-06;Replantácie
5t914;Replantácia v oblasti stredu šlapy;Trauma a poúrazové stavy;S52-06;Replantácie
5t915;Replantácia prstu nohy;Trauma a poúrazové stavy;S52-06;Replantácie
5t91x;Replantácia v oblasti dolnej končatiny,ostatné;Trauma a poúrazové stavy;S52-06;Replantácie
5a901a;Prístup ku kraniocervikálnemu spojeniu, transorálne;Trauma a poúrazové stavy;S52-18;Komplexné výkony na chrbtici pre traumu a poúrazové stavy
5a901b;Prístup ku kraniocervikálnemu spojeniu, dorzálne;Trauma a poúrazové stavy;S52-18;Komplexné výkony na chrbtici pre traumu a poúrazové stavy
5a901c;Prístup ku kraniocervikálnemu spojeniu, laterálne;Trauma a poúrazové stavy;S52-18;Komplexné výkony na chrbtici pre traumu a poúrazové stavy
5a90451;Transperitoneálny prístup k bedrovej chrbtici;Trauma a poúrazové stavy;S52-18;Komplexné výkony na chrbtici pre traumu a poúrazové stavy
5a90452;Dorzolaterálny prístup k bedrovej chrbtici;Trauma a poúrazové stavy;S52-18;Komplexné výkony na chrbtici pre traumu a poúrazové stavy
5a90453;Retroperitoneálny prístup k bedrovej chrbtici;Trauma a poúrazové stavy;S52-18;Komplexné výkony na chrbtici pre traumu a poúrazové stavy
5a90461;Dorzálny prístup k Os sacrum a k Os coccygis;Trauma a poúrazové stavy;S52-18;Komplexné výkony na chrbtici pre traumu a poúrazové stavy
5a90462;Ventrálny prístup k Os sacrum a Os coccygis;Trauma a poúrazové stavy;S52-18;Komplexné výkony na chrbtici pre traumu a poúrazové stavy
5a90454;Kombinácia pararektal-retroperitoneálneho prístupu;Trauma a poúrazové stavy;S52-18;Komplexné výkony na chrbtici pre traumu a poúrazové stavy
5a90455;Kombinácia torako-retroperitoneálne-retroperitoneálneho prístupu;Trauma a poúrazové stavy;S52-18;Komplexné výkony na chrbtici pre traumu a poúrazové stavy
5t6221;Totálna excízia tela stavca chrbtice, 1 segment;Trauma a poúrazové stavy;S52-18;Komplexné výkony na chrbtici pre traumu a poúrazové stavy
5t6222;Totálna excízia tela stavca chrbtice, 2 segmenty;Trauma a poúrazové stavy;S52-18;Komplexné výkony na chrbtici pre traumu a poúrazové stavy
5t6223;Totálna excízia tela stavca chrbtice, 3 segmenty;Trauma a poúrazové stavy;S52-18;Komplexné výkony na chrbtici pre traumu a poúrazové stavy
5t6224;Totálna excízia tela stavca chrbtice, 4 a viac segmentov;Trauma a poúrazové stavy;S52-18;Komplexné výkony na chrbtici pre traumu a poúrazové stavy
5t622a;Totálna resekcia hemivertebry, zadný prístup;Trauma a poúrazové stavy;S52-18;Komplexné výkony na chrbtici pre traumu a poúrazové stavy
5t622b;Totálna resekcia hemivertebry, kombinovaný prístup;Trauma a poúrazové stavy;S52-18;Komplexné výkony na chrbtici pre traumu a poúrazové stavy
5t6744;Komplexná kombinovaná ventrálna a dorzálna rekonštrukcia na krčnej chrbtici s fúziou (360 stupňov);Trauma a poúrazové stavy;S52-18;Komplexné výkony na chrbtici pre traumu a poúrazové stavy
5t6745;Komplexná kombinovaná ventrálna a dorzálna rekonštrukcia na hrudníkovo- driekovej chrbtici s fúziou (360 stupňov);Trauma a poúrazové stavy;S52-18;Komplexné výkony na chrbtici pre traumu a poúrazové stavy
5t6431;Dorzálna a ventrálna kombinovaná spondylodéza, 1 segment;Trauma a poúrazové stavy;S52-19;Komplexná spondylodéza pre traumu a poúrazové stavy
5t6432;Dorzálna a ventrálna kombinovaná spondylodéza, 2 segmenty;Trauma a poúrazové stavy;S52-19;Komplexná spondylodéza pre traumu a poúrazové stavy
5t6433;Dorzálna a ventrálna kombinovaná spondylodéza, 3 segmenty;Trauma a poúrazové stavy;S52-19;Komplexná spondylodéza pre traumu a poúrazové stavy
5t6434;Dorzálna a ventrálna kombinovaná spondylodéza, 4 segmenty;Trauma a poúrazové stavy;S52-19;Komplexná spondylodéza pre traumu a poúrazové stavy
5t6435;Dorzálna a ventrálna kombinovaná spondylodéza, 5 segmentov;Trauma a poúrazové stavy;S52-19;Komplexná spondylodéza pre traumu a poúrazové stavy
5t6436;Dorzálna a ventrálna kombinovaná spondylodéza, 6 a viac segmentov;Trauma a poúrazové stavy;S52-19;Komplexná spondylodéza pre traumu a poúrazové stavy
5t64x;Spondylodéza, ostatné;Trauma a poúrazové stavy;S52-19;Komplexná spondylodéza pre traumu a poúrazové stavy
5t6501;Náhrada tela stavca implantátom, 1 stavec;Trauma a poúrazové stavy;S52-19;Komplexná spondylodéza pre traumu a poúrazové stavy
5t6502;Náhrada tela stavca implantátom, 2 stavce;Trauma a poúrazové stavy;S52-19;Komplexná spondylodéza pre traumu a poúrazové stavy
5t6503;Náhrada tela stavca implantátom, 3 stavce;Trauma a poúrazové stavy;S52-19;Komplexná spondylodéza pre traumu a poúrazové stavy
5t6504;Náhrada tela stavca implantátom, 4 stavce;Trauma a poúrazové stavy;S52-19;Komplexná spondylodéza pre traumu a poúrazové stavy
5t6505;Náhrada tela stavca implantátom, 5 a viac stavcov;Trauma a poúrazové stavy;S52-19;Komplexná spondylodéza pre traumu a poúrazové stavy
5t6511;Náhrada tela stavca osobitným materiálom, 1 stavec;Trauma a poúrazové stavy;S52-19;Komplexná spondylodéza pre traumu a poúrazové stavy
5t6512;Náhrada tela stavca osobitným materiálom, 2 stavce;Trauma a poúrazové stavy;S52-19;Komplexná spondylodéza pre traumu a poúrazové stavy
5t6513;Náhrada tela stavca osobitným materiálom, 3 stavce;Trauma a poúrazové stavy;S52-19;Komplexná spondylodéza pre traumu a poúrazové stavy
5t6514;Náhrada tela stavca osobitným materiálom, 4 stavce;Trauma a poúrazové stavy;S52-19;Komplexná spondylodéza pre traumu a poúrazové stavy
5t6515;Náhrada tela stavca osobitným materiálom, 5 a viac stavcov;Trauma a poúrazové stavy;S52-19;Komplexná spondylodéza pre traumu a poúrazové stavy
5t65x1;Náhrada tela stavca, predný podporný štep bez korekcie;Trauma a poúrazové stavy;S52-19;Komplexná spondylodéza pre traumu a poúrazové stavy
5t65x2;Náhrada tela stavca, predný podporný štep s korekcou;Trauma a poúrazové stavy;S52-19;Komplexná spondylodéza pre traumu a poúrazové stavy
5t6401;Dorzálna spondylodéza, 1 segment;Trauma a poúrazové stavy;S52-20;Spondylodéza pre traumu a poúrazové stavy
5t6402;Dorzálna spondylodéza, 2 segmenty;Trauma a poúrazové stavy;S52-20;Spondylodéza pre traumu a poúrazové stavy
5t6403;Dorzálna spondylodéza, 3 segmenty;Trauma a poúrazové stavy;S52-20;Spondylodéza pre traumu a poúrazové stavy
5t6404;Dorzálna spondylodéza, 4 segmenty;Trauma a poúrazové stavy;S52-20;Spondylodéza pre traumu a poúrazové stavy
5t6405;Dorzálna spondylodéza, 5 segmentov;Trauma a poúrazové stavy;S52-20;Spondylodéza pre traumu a poúrazové stavy
5t6406;Dorzálna spondylodéza, 6 a viac segmentov;Trauma a poúrazové stavy;S52-20;Spondylodéza pre traumu a poúrazové stavy
5t6421;Ventrálna spondylodéza, 1 segment;Trauma a poúrazové stavy;S52-20;Spondylodéza pre traumu a poúrazové stavy
5t6422;Ventrálna spondylodéza, 2 segmenty;Trauma a poúrazové stavy;S52-20;Spondylodéza pre traumu a poúrazové stavy
5t6423;Ventrálna spondylodéza, 3 segmenty;Trauma a poúrazové stavy;S52-20;Spondylodéza pre traumu a poúrazové stavy
5t6424;Ventrálna spondylodéza, 4 segmenty;Trauma a poúrazové stavy;S52-20;Spondylodéza pre traumu a poúrazové stavy
5t6425;Ventrálna spondylodéza, 5 segmentov;Trauma a poúrazové stavy;S52-20;Spondylodéza pre traumu a poúrazové stavy
5t6426;Ventrálna spondylodéza, 6 a viac segmentov;Trauma a poúrazové stavy;S52-20;Spondylodéza pre traumu a poúrazové stavy
5t6743;Komplexná kombinovaná ventrálna a dorzálna rekonštrukcia na chrbtici bez fúzie;Trauma a poúrazové stavy;S52-21;Stabilizácie chrbtice pre traumu a poúrazové stavy
5t6741;Komplexná rekonštrukcia  na chrbtici s dorzálnou fúziou stavca, jednostranná;Trauma a poúrazové stavy;S52-21;Stabilizácie chrbtice pre traumu a poúrazové stavy
5t6742;Komplexná rekonštrukcia na chrbtici s dorzálnou fúziou stavca, obojstranná;Trauma a poúrazové stavy;S52-21;Stabilizácie chrbtice pre traumu a poúrazové stavy
5t6621;Osteosyntéza chrbtice skobou, 1 segment;Trauma a poúrazové stavy;S52-21;Stabilizácie chrbtice pre traumu a poúrazové stavy
5t6622;Osteosyntéza chrbtice skobou, 2 segmenty;Trauma a poúrazové stavy;S52-21;Stabilizácie chrbtice pre traumu a poúrazové stavy
5t6623;Osteosyntéza chrbtice skobou, 3 segmenty;Trauma a poúrazové stavy;S52-21;Stabilizácie chrbtice pre traumu a poúrazové stavy
5t6624;Osteosyntéza chrbtice skobou, 4 a viac segmentov;Trauma a poúrazové stavy;S52-21;Stabilizácie chrbtice pre traumu a poúrazové stavy
5t6601;Osteosyntéza chrbtice drôtovou serklážou, 1 segment;Trauma a poúrazové stavy;S52-22;Iné stabilizácie na chrbtici pre traumu a poúrazové stavy
5t6602;Osteosyntéza chrbtice drôtovou serklážou, 2 segmenty;Trauma a poúrazové stavy;S52-22;Iné stabilizácie na chrbtici pre traumu a poúrazové stavy
5t6603;Osteosyntéza chrbtice drôtovou serklážou, 3 segmenty;Trauma a poúrazové stavy;S52-22;Iné stabilizácie na chrbtici pre traumu a poúrazové stavy
5t6604;Osteosyntéza chrbtice drôtovou serklážou, 4 a viac segmentov;Trauma a poúrazové stavy;S52-22;Iné stabilizácie na chrbtici pre traumu a poúrazové stavy
5t6611;Osteosyntéza chrbtice skrutkou, 1 segment;Trauma a poúrazové stavy;S52-22;Iné stabilizácie na chrbtici pre traumu a poúrazové stavy
5t6612;Osteosyntéza chrbtice skrutkou, 2 segmenty;Trauma a poúrazové stavy;S52-22;Iné stabilizácie na chrbtici pre traumu a poúrazové stavy
5t6613;Osteosyntéza chrbtice skrutkou, 3 segmenty;Trauma a poúrazové stavy;S52-22;Iné stabilizácie na chrbtici pre traumu a poúrazové stavy
5t6614;Osteosyntéza chrbtice skrutkou, 4 a viac segmentov;Trauma a poúrazové stavy;S52-22;Iné stabilizácie na chrbtici pre traumu a poúrazové stavy
5t6631;Osteosyntéza chrbtice ventrálnym systémom skrutiek a dláh, 1 segment;Trauma a poúrazové stavy;S52-22;Iné stabilizácie na chrbtici pre traumu a poúrazové stavy
5t6632;Osteosyntéza chrbtice ventrálnym systémom skrutiek a dláh, 2 segmenty;Trauma a poúrazové stavy;S52-22;Iné stabilizácie na chrbtici pre traumu a poúrazové stavy
5t6633;Osteosyntéza chrbtice ventrálnym systémom skrutiek a dláh, 3 segmenty;Trauma a poúrazové stavy;S52-22;Iné stabilizácie na chrbtici pre traumu a poúrazové stavy
5t6634;Osteosyntéza chrbtice ventrálnym systémom skrutiek a dláh, 4 a viac segmentov;Trauma a poúrazové stavy;S52-22;Iné stabilizácie na chrbtici pre traumu a poúrazové stavy
5t6641;Osteosyntéza chrbtice dorzálnym systémom skrutiek a dláh, 1 segment;Trauma a poúrazové stavy;S52-22;Iné stabilizácie na chrbtici pre traumu a poúrazové stavy
5t6642;Osteosyntéza chrbtice dorzálnym systémom skrutiek a dláh, 2 segmenty;Trauma a poúrazové stavy;S52-22;Iné stabilizácie na chrbtici pre traumu a poúrazové stavy
5t6643;Osteosyntéza chrbtice dorzálnym systémom skrutiek a dláh, 3 segmenty;Trauma a poúrazové stavy;S52-22;Iné stabilizácie na chrbtici pre traumu a poúrazové stavy
5t6644;Osteosyntéza chrbtice dorzálnym systémom skrutiek a dláh, 4 a viac segmentov;Trauma a poúrazové stavy;S52-22;Iné stabilizácie na chrbtici pre traumu a poúrazové stavy
5t6651;Osteosyntéza chrbtice systémom skrutiek a tyčí, 1 segment;Trauma a poúrazové stavy;S52-22;Iné stabilizácie na chrbtici pre traumu a poúrazové stavy
5t6652;Osteosyntéza chrbtice systémom skrutiek a tyčí, 2 segmenty;Trauma a poúrazové stavy;S52-22;Iné stabilizácie na chrbtici pre traumu a poúrazové stavy
5t6653;Osteosyntéza chrbtice systémom skrutiek a tyčí, 3 segmenty;Trauma a poúrazové stavy;S52-22;Iné stabilizácie na chrbtici pre traumu a poúrazové stavy
5t6654;Osteosyntéza chrbtice systémom skrutiek a tyčí, 4 a viac segmentov;Trauma a poúrazové stavy;S52-22;Iné stabilizácie na chrbtici pre traumu a poúrazové stavy
5t6671;Osteosyntéza chrbtice intervertebrálnou klietkou, 1 segment;Trauma a poúrazové stavy;S52-22;Iné stabilizácie na chrbtici pre traumu a poúrazové stavy
5t6672;Osteosyntéza chrbtice intervertebrálnou klietkou, 2 segmenty;Trauma a poúrazové stavy;S52-22;Iné stabilizácie na chrbtici pre traumu a poúrazové stavy
5t6673;Osteosyntéza chrbtice intervertebrálnou klietkou, 3 segmenty;Trauma a poúrazové stavy;S52-22;Iné stabilizácie na chrbtici pre traumu a poúrazové stavy
5t6674;Osteosyntéza chrbtice intervertebrálnou klietkou, 4 a viac segmentov;Trauma a poúrazové stavy;S52-22;Iné stabilizácie na chrbtici pre traumu a poúrazové stavy
5t66x1;Osteosyntéza chrbtice, ostatné: 1 segment;Trauma a poúrazové stavy;S52-22;Iné stabilizácie na chrbtici pre traumu a poúrazové stavy
5t66x2;Osteosyntéza chrbtice, ostatné: 2 segmenty;Trauma a poúrazové stavy;S52-22;Iné stabilizácie na chrbtici pre traumu a poúrazové stavy
5t66x3;Osteosyntéza chrbtice, ostatné: 3 segmenty;Trauma a poúrazové stavy;S52-22;Iné stabilizácie na chrbtici pre traumu a poúrazové stavy
5t66x4;Osteosyntéza chrbtice, ostatné: 4 a viac segmentov;Trauma a poúrazové stavy;S52-22;Iné stabilizácie na chrbtici pre traumu a poúrazové stavy
5t6ax;Minimálne invazívne ošetrenie na chrbtici, ostatné;Trauma a poúrazové stavy;S52-22;Iné stabilizácie na chrbtici pre traumu a poúrazové stavy
5a90201;Dorzálny prístup ku krčnej chrbtici, 1 segment;Trauma a poúrazové stavy;S52-23;Dekompresia miešneho kanála pre traumu a poúrazové stavy
5a90202;Dorzálny prístup ku krčnej chrbtici, 2 segmenty;Trauma a poúrazové stavy;S52-23;Dekompresia miešneho kanála pre traumu a poúrazové stavy
5a90203;Dorzálny prístup ku krčnej chrbtici, 3 a viac segmentov;Trauma a poúrazové stavy;S52-23;Dekompresia miešneho kanála pre traumu a poúrazové stavy
5a90211;Laminotómia krčnej chrbtice, 1 segment;Trauma a poúrazové stavy;S52-23;Dekompresia miešneho kanála pre traumu a poúrazové stavy
5a90212;Laminotómia krčnej chrbtice, 2 segmenty;Trauma a poúrazové stavy;S52-23;Dekompresia miešneho kanála pre traumu a poúrazové stavy
5a90213;Laminotómia krčnej chrbtice, 3 a viac segmentov;Trauma a poúrazové stavy;S52-23;Dekompresia miešneho kanála pre traumu a poúrazové stavy
5a90221;Hemilaminektómia krčnej chrbtice, 1 segment;Trauma a poúrazové stavy;S52-23;Dekompresia miešneho kanála pre traumu a poúrazové stavy
5a90222;Hemilaminektómia krčnej chrbtice, 2 segmenty;Trauma a poúrazové stavy;S52-23;Dekompresia miešneho kanála pre traumu a poúrazové stavy
5a90223;Hemilaminektómia krčnej chrbtice, 3 a viac segmentov;Trauma a poúrazové stavy;S52-23;Dekompresia miešneho kanála pre traumu a poúrazové stavy
5a90231;Laminektómia krčnej chrbtice, 1 segment;Trauma a poúrazové stavy;S52-23;Dekompresia miešneho kanála pre traumu a poúrazové stavy
5a90232;Laminektómia krčnej chrbtice, 2 segmenty;Trauma a poúrazové stavy;S52-23;Dekompresia miešneho kanála pre traumu a poúrazové stavy
5a90233;Laminektómia krčnej chrbtice, 3 a viac segmentov;Trauma a poúrazové stavy;S52-23;Dekompresia miešneho kanála pre traumu a poúrazové stavy
5a902x;Iný prístup ku krčnej chrbtici;Trauma a poúrazové stavy;S52-23;Dekompresia miešneho kanála pre traumu a poúrazové stavy
5a90301;Dorzálny prístup k hrudnej chrbtici, 1 segment;Trauma a poúrazové stavy;S52-23;Dekompresia miešneho kanála pre traumu a poúrazové stavy
5a90302;Dorzálny prístup k hrudnej chrbtici, 2 segmenty;Trauma a poúrazové stavy;S52-23;Dekompresia miešneho kanála pre traumu a poúrazové stavy
5a90303;Dorzálny prístup k hrudnej chrbtici, 3 a viac segmentov;Trauma a poúrazové stavy;S52-23;Dekompresia miešneho kanála pre traumu a poúrazové stavy
5a90311;Laminotómia hrudnej chrbtice, 1 segment;Trauma a poúrazové stavy;S52-23;Dekompresia miešneho kanála pre traumu a poúrazové stavy
5a90312;Laminotómia hrudnej chrbtice, 2 segmenty;Trauma a poúrazové stavy;S52-23;Dekompresia miešneho kanála pre traumu a poúrazové stavy
5a90313;Laminotómia hrudnej chrbtice, 3 a viac segmentov;Trauma a poúrazové stavy;S52-23;Dekompresia miešneho kanála pre traumu a poúrazové stavy
5a90321;Hemilaminektómia hrudnej chrbtice, 1 segment;Trauma a poúrazové stavy;S52-23;Dekompresia miešneho kanála pre traumu a poúrazové stavy
5a90322;Hemilaminektómia hrudnej chrbtice, 2 segmenty;Trauma a poúrazové stavy;S52-23;Dekompresia miešneho kanála pre traumu a poúrazové stavy
5a90323;Hemilaminektómia hrudnej chrbtice, 3 a viac segmentov;Trauma a poúrazové stavy;S52-23;Dekompresia miešneho kanála pre traumu a poúrazové stavy
5a90331;Laminektómia hrudnej chrbtice, 1 segment;Trauma a poúrazové stavy;S52-23;Dekompresia miešneho kanála pre traumu a poúrazové stavy
5a90332;Laminektómia hrudnej chrbtice, 2 segmenty;Trauma a poúrazové stavy;S52-23;Dekompresia miešneho kanála pre traumu a poúrazové stavy
5a90333;Laminektómia hrudnej chrbtice, 3 a viac segmentov;Trauma a poúrazové stavy;S52-23;Dekompresia miešneho kanála pre traumu a poúrazové stavy
5a903x;Iný prístup k hrudnej chrbtici;Trauma a poúrazové stavy;S52-23;Dekompresia miešneho kanála pre traumu a poúrazové stavy
5a90401;Dorzálny prístup k bedrovej chrbtici, 1 segment;Trauma a poúrazové stavy;S52-23;Dekompresia miešneho kanála pre traumu a poúrazové stavy
5a90402;Dorzálny prístup k bedrovej chrbtici, 2 segmenty;Trauma a poúrazové stavy;S52-23;Dekompresia miešneho kanála pre traumu a poúrazové stavy
5a90403;Dorzálny prístup k bedrovej chrbtici, 3 a viac segmentov;Trauma a poúrazové stavy;S52-23;Dekompresia miešneho kanála pre traumu a poúrazové stavy
5a90411;Laminotómia bedrovej chrbtice, 1 segment;Trauma a poúrazové stavy;S52-23;Dekompresia miešneho kanála pre traumu a poúrazové stavy
5a90412;Laminotómia bedrovej chrbtice, 2 segmenty;Trauma a poúrazové stavy;S52-23;Dekompresia miešneho kanála pre traumu a poúrazové stavy
5a90413;Laminotómia bedrovej chrbtice, 3 a viac segmentov;Trauma a poúrazové stavy;S52-23;Dekompresia miešneho kanála pre traumu a poúrazové stavy
5a90421;Hemilaminektómia bedrovej chrbtice, 1 segment;Trauma a poúrazové stavy;S52-23;Dekompresia miešneho kanála pre traumu a poúrazové stavy
5a90422;Hemilaminektómia bedrovej chrbtice, 2 segmenty;Trauma a poúrazové stavy;S52-23;Dekompresia miešneho kanála pre traumu a poúrazové stavy
5a90423;Hemilaminektómia bedrovej chrbtice, 3 a viac segmentov;Trauma a poúrazové stavy;S52-23;Dekompresia miešneho kanála pre traumu a poúrazové stavy
5a90431;Laminektómia bedrovej chrbtice, 1 segment;Trauma a poúrazové stavy;S52-23;Dekompresia miešneho kanála pre traumu a poúrazové stavy
5a90432;Laminektómia bedrovej chrbtice, 2 segmenty;Trauma a poúrazové stavy;S52-23;Dekompresia miešneho kanála pre traumu a poúrazové stavy
5a90433;Laminektómia bedrovej chrbtice, 3 a viac segmentov;Trauma a poúrazové stavy;S52-23;Dekompresia miešneho kanála pre traumu a poúrazové stavy
5a90441;Flavektómia bedrovej chrbtice, 1 segment;Trauma a poúrazové stavy;S52-23;Dekompresia miešneho kanála pre traumu a poúrazové stavy
5a90442;Flavektómia bedrovej chrbtice, 2 segmenty;Trauma a poúrazové stavy;S52-23;Dekompresia miešneho kanála pre traumu a poúrazové stavy
5a90443;Flavektómia bedrovej chrbtice, 3 a viac segmentov;Trauma a poúrazové stavy;S52-23;Dekompresia miešneho kanála pre traumu a poúrazové stavy
5t6201;Excízia spondylofytu (osteofytu), 1 segment;Trauma a poúrazové stavy;S52-23;Dekompresia miešneho kanála pre traumu a poúrazové stavy
5t6202;Excízia spondylofytu (osteofytu), 2 segmenty;Trauma a poúrazové stavy;S52-23;Dekompresia miešneho kanála pre traumu a poúrazové stavy
5t6203;Excízia spondylofytu (osteofytu), 3 segmenty;Trauma a poúrazové stavy;S52-23;Dekompresia miešneho kanála pre traumu a poúrazové stavy
5t6204;Excízia spondylofytu (osteofytu), 4 a viac segmentov;Trauma a poúrazové stavy;S52-23;Dekompresia miešneho kanála pre traumu a poúrazové stavy
5t6211;Parciálna excízia tela stavca chrbtice, 1 segment;Trauma a poúrazové stavy;S52-23;Dekompresia miešneho kanála pre traumu a poúrazové stavy
5t6212;Parciálna excízia tela stavca chrbtice, 2 segmenty;Trauma a poúrazové stavy;S52-23;Dekompresia miešneho kanála pre traumu a poúrazové stavy
5t6213;Parciálna excízia tela stavca chrbtice, 3 segmenty;Trauma a poúrazové stavy;S52-23;Dekompresia miešneho kanála pre traumu a poúrazové stavy
5t6214;Parciálna excízia tela stavca chrbtice, 4 a viac segmentov;Trauma a poúrazové stavy;S52-23;Dekompresia miešneho kanála pre traumu a poúrazové stavy
5t621a;Parciálna resekcia  hemivertebry;Trauma a poúrazové stavy;S52-23;Dekompresia miešneho kanála pre traumu a poúrazové stavy
5t621b;Excízia kostného a kĺbneho tkaniva chrbtice dentis epistrophei;Trauma a poúrazové stavy;S52-23;Dekompresia miešneho kanála pre traumu a poúrazové stavy
5a904x;Iný prístup k bedrovej chrbtici;Trauma a poúrazové stavy;S52-24;Iné výkony na chrbtici pre traumu a poúrazové stavy
5t6321;Kostná náhrada na chrbtici, použite autológnej spongiózy (štepu) alebo kortikospongiózneho štepu;Trauma a poúrazové stavy;S52-24;Iné výkony na chrbtici pre traumu a poúrazové stavy
5t6300;Kostná náhrada na chrbtici, použitie kostného materiálu z kolagénnych vlákien bez obohatenia rastovými bunkami kosti;Trauma a poúrazové stavy;S52-24;Iné výkony na chrbtici pre traumu a poúrazové stavy
5t6301;Kostná náhrada na chrbtici, použitie kostného materiálu z kolagénnych vlákien s obohatením rastovými bunkami kosti;Trauma a poúrazové stavy;S52-24;Iné výkony na chrbtici pre traumu a poúrazové stavy
5t6310;Kostná náhrada na chrbtici, použite keramického kostného materiálu bez obohatenia rastovými bunkami kosti;Trauma a poúrazové stavy;S52-24;Iné výkony na chrbtici pre traumu a poúrazové stavy
5t6311;Kostná náhrada na chrbtici, použite keramického kostného materiálu s obohatením rastovými bunkami kosti;Trauma a poúrazové stavy;S52-24;Iné výkony na chrbtici pre traumu a poúrazové stavy
5t6320;Kostná náhrada na chrbtici, použite humánnej demineralizovanej kostnej matrix;Trauma a poúrazové stavy;S52-24;Iné výkony na chrbtici pre traumu a poúrazové stavy
5t6322;Kostná náhrada na chrbtici, použitie alogénneho kostného transplantátu;Trauma a poúrazové stavy;S52-24;Iné výkony na chrbtici pre traumu a poúrazové stavy
5t6323;Kostná náhrada na chrbtici, použitie xenogénneho kostného transplantátu;Trauma a poúrazové stavy;S52-24;Iné výkony na chrbtici pre traumu a poúrazové stavy
5t63x;Kostná náhrada na chrbtici, ostatné;Trauma a poúrazové stavy;S52-24;Iné výkony na chrbtici pre traumu a poúrazové stavy
5t69x2;Odstránenie osteosyntetického materiálu z chrbtice;Trauma a poúrazové stavy;S52-24;Iné výkony na chrbtici pre traumu a poúrazové stavy
5t69x4;Revízia po operácii chrbtice;Trauma a poúrazové stavy;S52-24;Iné výkony na chrbtici pre traumu a poúrazové stavy
5t6991;Vertebroplastika, 1 stavec;Trauma a poúrazové stavy;S52-24;Iné výkony na chrbtici pre traumu a poúrazové stavy
5t6992;Vertebroplastika, 2 stavce;Trauma a poúrazové stavy;S52-24;Iné výkony na chrbtici pre traumu a poúrazové stavy
5t6993;Vertebroplastika, 3 stavce;Trauma a poúrazové stavy;S52-24;Iné výkony na chrbtici pre traumu a poúrazové stavy
5t6994;Vertebroplastika, 4 a viac stavcov;Trauma a poúrazové stavy;S52-24;Iné výkony na chrbtici pre traumu a poúrazové stavy
5t69a1;Kyfoplastika, 1 stavec;Trauma a poúrazové stavy;S52-24;Iné výkony na chrbtici pre traumu a poúrazové stavy
5t69a2;Kyfoplastika, 2 stavce;Trauma a poúrazové stavy;S52-24;Iné výkony na chrbtici pre traumu a poúrazové stavy
5t69a3;Kyfoplastika, 3 stavce;Trauma a poúrazové stavy;S52-24;Iné výkony na chrbtici pre traumu a poúrazové stavy
5t69a4;Kyfoplastika, 4 a viac stavcov;Trauma a poúrazové stavy;S52-24;Iné výkony na chrbtici pre traumu a poúrazové stavy
5t69x1;HALO fixácia chrbtice;Trauma a poúrazové stavy;S52-24;Iné výkony na chrbtici pre traumu a poúrazové stavy
5t69xx;Iné operácie na chrbtici, ostatné;Trauma a poúrazové stavy;S52-24;Iné výkony na chrbtici pre traumu a poúrazové stavy
5t061;Osteosyntéza skrutkou;Trauma a poúrazové stavy;S52-31;Osteosyntéza pre poúrazové stavy a komplikácie
5t063;Osteosyntéza dlahou;Trauma a poúrazové stavy;S52-31;Osteosyntéza pre poúrazové stavy a komplikácie
5t064;Osteosyntéza drôtom alebo ťahovou serklážou;Trauma a poúrazové stavy;S52-31;Osteosyntéza pre poúrazové stavy a komplikácie
5t065;Osteosyntéza dynamickou kompresnou skrutkou;Trauma a poúrazové stavy;S52-31;Osteosyntéza pre poúrazové stavy a komplikácie
5t066;Osteosyntéza vnútrodreňovým klincom;Trauma a poúrazové stavy;S52-31;Osteosyntéza pre poúrazové stavy a komplikácie
5t067;Osteosyntéza zaisteným vnútrodreňovým klincom;Trauma a poúrazové stavy;S52-31;Osteosyntéza pre poúrazové stavy a komplikácie
5t068;Osteosyntéza vnútrodreňovým klincom zaisteným na kĺbovú komponentu;Trauma a poúrazové stavy;S52-31;Osteosyntéza pre poúrazové stavy a komplikácie
5t069;Osteosyntéza transfixačným klincom;Trauma a poúrazové stavy;S52-31;Osteosyntéza pre poúrazové stavy a komplikácie
5t06a;Osteosyntéza intramedulárnym drôtom;Trauma a poúrazové stavy;S52-31;Osteosyntéza pre poúrazové stavy a komplikácie
5t06b;Osteosyntéza uhlovostabilnou dlahou;Trauma a poúrazové stavy;S52-31;Osteosyntéza pre poúrazové stavy a komplikácie
5t06c;Osteosyntéza uhlovou/kondylárnou dlahou;Trauma a poúrazové stavy;S52-31;Osteosyntéza pre poúrazové stavy a komplikácie
5t06d;Osteosyntéza skobou;Trauma a poúrazové stavy;S52-31;Osteosyntéza pre poúrazové stavy a komplikácie
5t06v;Osteosyntéza kruhovým fixátorom;Trauma a poúrazové stavy;S52-31;Osteosyntéza pre poúrazové stavy a komplikácie
5t06x;Osteosyntéza, iná;Trauma a poúrazové stavy;S52-31;Osteosyntéza pre poúrazové stavy a komplikácie
5t06z;Osteosyntéza rezorbovateľným materiálom;Trauma a poúrazové stavy;S52-31;Osteosyntéza pre poúrazové stavy a komplikácie
5t09xs;Ostatné operácie talu;Trauma a poúrazové stavy;S52-44;Iné výkony na kostiach pre traumu a poúrazové stavy
5t09xt;Ostatné operácie kalkanea;Trauma a poúrazové stavy;S52-44;Iné výkony na kostiach pre traumu a poúrazové stavy
5t09xu;Ostatné operácie tarzálnych kostí;Trauma a poúrazové stavy;S52-44;Iné výkony na kostiach pre traumu a poúrazové stavy
5t09xv;Ostatné operácie metatarzálnych kostí;Trauma a poúrazové stavy;S52-44;Iné výkony na kostiach pre traumu a poúrazové stavy
5t09xw;Ostatné operácie falangov prstov nohy;Trauma a poúrazové stavy;S52-44;Iné výkony na kostiach pre traumu a poúrazové stavy
5q5308;Rekonštrukčná operácia vrodenej vývojovej chyby maternice, roboticky;Vrodená vývojová chyba genitálu;S60-04;Rekonštrukčná operácia vrodenej vývojovej chyby genitálu (výkony pri diagnózach Q50.0 - Q52.9) - komplexná
5q6504;Neoplastika pošvy, laparoskopicky;Vrodená vývojová chyba genitálu;S60-04;Rekonštrukčná operácia vrodenej vývojovej chyby genitálu (výkony pri diagnózach Q50.0 - Q52.9) - komplexná
5q652;Vaginálna operácia pri aplázii pošvy;Vrodená vývojová chyba genitálu;S60-04;Rekonštrukčná operácia vrodenej vývojovej chyby genitálu (výkony pri diagnózach Q50.0 - Q52.9) - komplexná
5q653;Vaginálna operácia pri neúplnom zdvojení vnútorných rodidiel;Vrodená vývojová chyba genitálu;S60-04;Rekonštrukčná operácia vrodenej vývojovej chyby genitálu (výkony pri diagnózach Q50.0 - Q52.9) - komplexná
5q690;Fistulektómia a plastika;Vrodená vývojová chyba genitálu;S60-04;Rekonštrukčná operácia vrodenej vývojovej chyby genitálu (výkony pri diagnózach Q50.0 - Q52.9) - komplexná
5q691;Kolpostómia pri intersexuálnych malformáciách typu Prader IV. a V. s uzáverom sinusovaginálnej alebo uretrovaginálnej fistuly;Vrodená vývojová chyba genitálu;S60-05;Rekonštrukčná operácia vrodenej vývojovej chyby genitálu (výkony pri diagnózach Q50.0 - Q52.9) I.
5q692;Kolpostómia pri intersexuálnych malformáciách typu Prader IV. a V., plastika pošvového vchodu;Vrodená vývojová chyba genitálu;S60-05;Rekonštrukčná operácia vrodenej vývojovej chyby genitálu (výkony pri diagnózach Q50.0 - Q52.9) I.
5q693;Kolpostómia pri parciálnej aplázii distálnej časti pošvy;Vrodená vývojová chyba genitálu;S60-05;Rekonštrukčná operácia vrodenej vývojovej chyby genitálu (výkony pri diagnózach Q50.0 - Q52.9) I.
5q5300;Rekonštrukčná operácia vrodenej vývojovej chyby maternice, laparotomicky;Vrodená vývojová chyba genitálu;S60-11;Rekonštrukčná operácia vrodenej vývojovej chyby genitálu (výkony pri diagnózach Q50.0 - Q52.9)
5q5303;Rekonštrukčná operácia vrodenej vývojovej chyby maternice, hysteroskopicky;Vrodená vývojová chyba genitálu;S60-11;Rekonštrukčná operácia vrodenej vývojovej chyby genitálu (výkony pri diagnózach Q50.0 - Q52.9)
5q5304;Rekonštrukčná operácia vrodenej vývojovej chyby maternice, laparoskopicky;Vrodená vývojová chyba genitálu;S60-11;Rekonštrukčná operácia vrodenej vývojovej chyby genitálu (výkony pri diagnózach Q50.0 - Q52.9)
5q651;Excízia kongenitálneho [vrodeného] septa pošvy;Vrodená vývojová chyba genitálu;S60-11;Rekonštrukčná operácia vrodenej vývojovej chyby genitálu (výkony pri diagnózach Q50.0 - Q52.9)
5q654;Plastika vaginálneho vchodu;Vrodená vývojová chyba genitálu;S60-11;Rekonštrukčná operácia vrodenej vývojovej chyby genitálu (výkony pri diagnózach Q50.0 - Q52.9)
93023;Komplexná liečba pri veľkom krvácaní, pri plánovanej operácii a imunotolerančná liečba u detí;Vrodené koagulopatie - komplexná liečba pri veľkom krvácaní, pri plánovanej operácii a imunotolerančná liečba;S70-34;Vrodené koagulopatie - komplexná liečba pri veľkom krvácaní, pri plánovanej operácii a imunotolerančná liečba
93019;Hospitalizácia pred transplantáciou kmeňových buniek;Vysoko komplexné ochorenia imunitného systému;S72-01;Hospitalizácia pred transplantáciou krvotvorných buniek pre ťažké kombinované imunodeficiencie (skupina D81) 
93002;Hospitalizácia pred transplantáciou krvotvorných buniek;Ťažké kombinované imunodeficiencie;S72-01;Hospitalizácia pred transplantáciou krvotvorných buniek pre ťažké kombinované imunodeficiencie (skupina D81) 
93082;Špecializované vyšetrenia pri neurologickom ochorení;Syndróm spánkového apnoe;S73-01;Syndróm spánkového apnoe s potrebou špecializovaných vyšetrení
93082;Špecializované vyšetrenia pri neurologickom ochorení;Skleróza multiplex;S73-03;Skleróza multiplex s potrebou špecializovaných vyšetrení
93082;Špecializované vyšetrenia pri neurologickom ochorení;Metabolické ochorenia v neurológii;S73-04;Metabolické ochorenia v neurológii s potrebou špecializovaných vyšetrení
93081;Dodiagnostikovanie a došpecifikovanie neurologických ochorení u detí;Infekcia nervového systému - vybrané diagnózy II.;S73-05;Infekcia nervového systému III
93081;Dodiagnostikovanie a došpecifikovanie neurologických ochorení u detí;Degeneratívne ochorenia nervového systému - vybrané diagnózy II.;S73-06;Degeneratívne ochorenia nervového systému III
93081;Dodiagnostikovanie a došpecifikovanie neurologických ochorení u detí;Svalové a nervosvalové ochorenia - vybrané diagnózy II.;S73-07;Svalove a nervosvalové ochorenia  III
93081;Dodiagnostikovanie a došpecifikovanie neurologických ochorení u detí;Iné chronické poruchy mozgovej funkcie a demencia - vybrané diagnózy II.;S73-08;Iné chronické poruchy mozgovej funkcie a demencie III
93081;Dodiagnostikovanie a došpecifikovanie neurologických ochorení u detí;Ochorenia mozgových a periférnych nervov - vybrané diagnózy II.;S73-09;Ochorenia mozgových a periférnych nervov III
93081;Dodiagnostikovanie a došpecifikovanie neurologických ochorení u detí;Iné ochorenia NS - vybrané diagnózy II.;S73-10;Iné ochorenia NS III
93081;Dodiagnostikovanie a došpecifikovanie neurologických ochorení u detí;Infekcia nervového systému - vybrané diagnózy I.;S73-11;Infekcia nervového systému II
93081;Dodiagnostikovanie a došpecifikovanie neurologických ochorení u detí;Degeneratívne ochorenia nervového systému - vybrané diagnózy I.;S73-12;Degeneratívne ochorenia nervového systému II
93081;Dodiagnostikovanie a došpecifikovanie neurologických ochorení u detí;Svalové a nervosvalové ochorenia - vybrané diagnózy I.;S73-13;Svalove a nervosvalové ochorenia  II
93081;Dodiagnostikovanie a došpecifikovanie neurologických ochorení u detí;Iné chronické poruchy mozgovej funkcie a demencia - vybrané diagnózy I.;S73-14;Iné chronické poruchy mozgovej funkcie a demencia II
93081;Dodiagnostikovanie a došpecifikovanie neurologických ochorení u detí;Ochorenia mozgových a periférnych nervov - vybrané diagnózy I.;S73-15;Ochorenia mozgových a periférnych nervov II
93081;Dodiagnostikovanie a došpecifikovanie neurologických ochorení u detí;Iné ochorenia NS - vybrané diagnózy I.;S73-16;Iné ochorenia NS II
93082;Špecializované vyšetrenia pri neurologickom ochorení;Cerebelárna ataxia;S73-17;Cerebelárna ataxia s potrebou špecializovaných vyšetrení
93082;Špecializované vyšetrenia pri neurologickom ochorení;Epilepsia a iné záchvaty;S73-18;Epilepsia a iné záchvaty s potrebou špecializovaných vyšetrení
93082;Špecializované vyšetrenia pri neurologickom ochorení;Náhla cievna mozgová príhoda;S73-19;Náhla cievna mozgová príhoda s potrebou špecializovaných vyšetrení
93082;Špecializované vyšetrenia pri neurologickom ochorení;Prechodný ischemický záchvat a extrakraniálne cievne uzávery;S73-20;Prechodný ischemický záchvat a extrakraniálne cievne uzávery s potrebou špecializovaných vyšetrení
93082;Špecializované vyšetrenia pri neurologickom ochorení;Iná cievna choroba mozgu;S73-21;Iná cievna choroba mozgu s potrebou špecializovaných vyšetrení
93082;Špecializované vyšetrenia pri neurologickom ochorení;Genetické syndrómové ochorenia;S73-22;Genetické syndrómové ochorenia s potrebou špecializovaných vyšetrení
93082;Špecializované vyšetrenia pri neurologickom ochorení;Vrodené vývojové choroby CNS;S73-23;Vrodené vývojové choroby CNS s potrebou špecializovaných vyšetrení
93081;Dodiagnostikovanie a došpecifikovanie neurologických ochorení u detí;Paralytické syndrómy - vybrané diagnózy I.;S73-24;Paralytické syndrómy II
93081;Dodiagnostikovanie a došpecifikovanie neurologických ochorení u detí;Bolesti hlavy - vybrané diagnózy;S73-25;Bolesti hlavy II
93081;Dodiagnostikovanie a došpecifikovanie neurologických ochorení u detí;Dorzopatia a poruchy nervových koreňov - vybrané diagnózy;S73-26;Dorzopatia a poruchy nervových koreňov II
